text,category
"The football team won the championship after a thrilling final match that went into overtime. The star player scored the winning goal in the last minute of extra time.","Sports"
"The basketball tournament finals attracted millions of viewers worldwide. The underdog team managed to defeat the defending champions in a stunning upset.","Sports"
"Olympic athletes broke several world records during the swimming competitions. The relay team set a new benchmark that will be difficult to beat.","Sports"
"The tennis grand slam concluded with an epic five-set match. Both players displayed exceptional skill and sportsmanship throughout the tournament.","Sports"
"The cricket world cup final was watched by over a billion people globally. The host nation celebrated their victory with massive street parties.","Sports"
"Stock markets reached all-time highs as investor confidence surged following positive economic indicators. Tech stocks led the rally with gains across major indices.","Business"
"The company announced record-breaking quarterly earnings that exceeded analyst expectations. Revenue growth was driven by strong international sales.","Business"
"Major retail chains reported significant increases in online shopping during the holiday season. E-commerce platforms saw unprecedented traffic volumes.","Business"
"The merger between two tech giants received regulatory approval after months of scrutiny. The deal is valued at over 50 billion dollars.","Business"
"Oil prices fluctuated dramatically as global supply concerns emerged. Energy sector stocks experienced high volatility throughout trading sessions.","Business"
"Artificial intelligence researchers unveiled a breakthrough in natural language processing technology. The new model demonstrates human-like understanding of complex text.","Technology"
"A major software company released the latest version of its operating system with enhanced security features. Users can now benefit from improved privacy protections.","Technology"
"Scientists developed a revolutionary quantum computing chip that operates at room temperature. This advancement could transform the computing industry.","Technology"
"The electric vehicle manufacturer announced plans to build a new factory with advanced automation. Production capacity will triple within two years.","Technology"
"Cybersecurity experts warned about a new type of malware targeting corporate networks. Organizations are urged to update their security systems immediately.","Technology"
"The senate passed landmark legislation addressing climate change and renewable energy investments. The bill allocates billions for green infrastructure projects.","Politics"
"World leaders gathered for an international summit to discuss global security challenges. Diplomatic talks focused on cooperation and conflict resolution.","Politics"
"The presidential election campaign entered its final weeks with polls showing a tight race. Candidates intensified their efforts in key battleground states.","Politics"
"A new healthcare reform bill sparked heated debates in the legislative chamber. Representatives from both parties presented contrasting views on implementation.","Politics"
"The government announced a comprehensive immigration policy overhaul. The reforms aim to streamline processes while addressing border security concerns.","Politics"
"The marathon race attracted thousands of participants from around the world. Runners competed in perfect weather conditions through the city streets.","Sports"
"Golf championship leaders maintained their positions after another round of competitive play. The final day promises an exciting finish with several contenders.","Sports"
"The boxing match drew a packed crowd eager to see the heavyweight title bout. Both fighters demonstrated impressive technique and determination.","Sports"
"Investors reacted positively to the Federal Reserve's decision on interest rates. Financial markets showed resilience amid economic uncertainty.","Business"
"The startup company secured significant funding in its latest investment round. Venture capital firms expressed confidence in the business model.","Business"
"Consumer spending increased during the quarter as employment rates improved. Retail sales data suggested growing economic optimism among households.","Business"
"Blockchain technology applications expanded beyond cryptocurrency into supply chain management. Several industries are exploring decentralized solutions.","Technology"
"The latest smartphone features advanced camera systems and improved battery life. Pre-orders exceeded expectations within hours of announcement.","Technology"
"Space exploration program achieved a milestone with successful satellite deployment. The mission advances scientific research capabilities significantly.","Technology"
"International trade negotiations continued as countries sought mutually beneficial agreements. Economic partnerships remain a priority for diplomatic relations.","Politics"
"Local elections saw high voter turnout as communities engaged in the democratic process. Results reflected diverse opinions on regional issues.","Politics"
"The legislative committee reviewed proposed changes to education funding policies. Lawmakers debated allocations for public schools and universities.","Politics"
"Professional soccer leagues expanded to include new teams from emerging markets. The sport's global popularity continues to grow exponentially.","Sports"
"Winter sports competitions featured athletes performing at the highest levels. Medal ceremonies celebrated achievements from nations worldwide.","Sports"
"The racing championship concluded with a dramatic final lap that determined the winner. Fans witnessed one of the most exciting seasons in history.","Sports"
"Economic indicators suggested steady growth in manufacturing sector output. Industrial production data exceeded forecasts for consecutive months.","Business"
"The banking industry implemented new digital services to enhance customer experience. Mobile applications now offer comprehensive financial management tools.","Business"
"Real estate markets experienced shifts in both commercial and residential sectors. Property values reflected changing demand patterns and interest rates.","Business"
"Machine learning algorithms improved accuracy in medical diagnosis applications. Healthcare providers adopted AI-assisted tools for better patient outcomes.","Technology"
"Renewable energy technologies achieved new efficiency milestones through innovation. Solar and wind power installations increased across multiple regions.","Technology"
"The telecommunications company launched a next-generation network infrastructure. Customers can expect faster connectivity and improved service reliability.","Technology"
"Foreign policy discussions addressed humanitarian concerns in conflict zones. International organizations coordinated relief efforts and diplomatic solutions.","Politics"
"Constitutional amendments were proposed to modernize governance structures. Public hearings allowed citizens to voice opinions on the changes.","Politics"
"The cabinet announced plans for infrastructure development projects nationwide. Transportation and utilities will receive major upgrades over coming years.","Politics"
